<?xml version="1.0" encoding="UTF-8" standalone="yes"?>
<addon id="service.tinyhtpc.switch"
       name="PiPUB Power switch."
       version="1.0.0"
       provider-name="TinyHTPC.co.nz">
  <requires>
    <import addon="xbmc.python" version="2.1.0"/>
  </requires>
  <extension point="xbmc.service"
             library="default.py">
        <provides>executable</provides>
  </extension>
  <extension point="xbmc.addon.metadata">
    <summary>Script to control TinyHTPC PiPUB Power switch.</summary>
    <description>
TinyHTPC PiPUB Power switch allows shutdown of the Raspberry Pi via IR remote.
You require a TinyHTPC Pi PUB in order for this to work.

Thanks to http://mausberrycircuits.com for their scripts.
    </description>
    <disclaimer>

    </disclaimer>
    <platform>all</platform>
  </extension>
</addon>
