<?xml version="1.0" encoding="UTF-8" standalone="yes"?>
<addon id="repository.tinyhtpc.xbmc-rpi-addons" name="TinyHTPC XBMC Add-on Repository" version="1.0.0" provider-name="TinyHTPC.co.nz">
    <extension point="xbmc.addon.repository" name="TinyHTPC XBMC Add-on Repository">
        <info compressed="false">https://raw.githubusercontent.com/TinyHTPC/xbmc-rpi-addons/master/addons.xml</info>
        <checksum>https://raw.githubusercontent.com/TinyHTPC/xbmc-rpi-addons/master/addons.xml.md5</checksum>
        <datadir zip="true">https://raw.githubusercontent.com/TinyHTPC/xbmc-rpi-addons/master/repo</datadir>
    </extension>
    <extension point="xbmc.addon.metadata">
        <summary>Install TinyHTPC Addons</summary>
        <description>Download and install addons by TinyHTPC</description>
        <platform>all</platform>
    </extension>
</addon>
